{"accuracy": [0.9328329563140869, 0.949999988079071, 0.9582371115684509, 0.949999988079071, 0.9697844386100769, 0.949999988079071, 0.97132408618927, 1.0, 0.9753656387329102, 0.8999999761581421, 0.9761354923248291, 1.0, 0.9782525300979614, 1.0, 0.9686297178268433, 0.949999988079071, 0.9830638766288757, 1.0, 0.9830638766288757, 1.0, 0.977867603302002], "loss": [0.18695783615112305, 0.0954299345612526, 0.10623379051685333, 0.0717323049902916, 0.07731091976165771, 0.15234416723251343, 0.07053844630718231, 0.004982058424502611, 0.06475165486335754, 0.1046958714723587, 0.061566732823848724, 0.05501186475157738, 0.058444101363420486, 0.03894123435020447, 0.07463200390338898, 0.053248971700668335, 0.04790868982672691, 0.0012986153597012162, 0.046421755105257034, 0.0030734625179320574, 0.05479924753308296], "val_accuracy": [0.5625, 0.5625, 0.75, 0.8125, 0.75, 0.9375, 0.875, 0.875, 0.6875, 0.75, 1.0, 0.9375, 0.9375, 0.8125, 0.9375, 0.875, 0.75, 0.8125, 0.875, 0.875, 0.75], "val_loss": [1.3847382068634033, 1.8337312936782837, 0.4618958532810211, 0.36191049218177795, 0.3547467291355133, 0.14700783789157867, 0.21953585743904114, 0.20257316529750824, 0.8148506879806519, 0.4628937840461731, 0.08179531991481781, 0.16048434376716614, 0.13064530491828918, 0.30496904253959656, 0.19951999187469482, 0.2662942409515381, 0.4624432623386383, 0.3794940114021301, 0.22794151306152344, 0.2450340986251831, 0.35607895255088806]}