{"accuracy": [0.9118552803993225, 1.0, 0.9545804262161255, 0.949999988079071, 0.9609314799308777, 1.0, 0.9624711275100708, 0.8500000238418579, 0.9684372544288635, 1.0, 0.9744033813476562, 1.0, 0.9740184545516968, 1.0], "loss": [0.21436867117881775, 0.044977229088544846, 0.12014131993055344, 0.07005301117897034, 0.10517140477895737, 0.018664522096514702, 0.09472979605197906, 0.1530344933271408, 0.0828634649515152, 0.012411246076226234, 0.07344286888837814, 0.03035339154303074, 0.0688064694404602, 0.0043567027896642685], "val_accuracy": [0.75, 0.9375, 0.875, 0.875, 0.8125, 0.8125, 0.625, 0.625, 0.875, 0.875, 0.75, 0.75, 0.875, 0.875], "val_loss": [0.3290576934814453, 0.2264665812253952, 0.17567838728427887, 0.17370611429214478, 0.4099302589893341, 0.37547191977500916, 2.190040349960327, 1.9795681238174438, 0.32507234811782837, 0.3073018491268158, 0.6369569301605225, 0.6267451047897339, 0.44497835636138916, 0.2772851884365082]}